{
    "normal_frame_paths": [
        "SHTech/train/06_008_0411.jpg",
        "SHTech/train/05_039_0327.jpg",
        "SHTech/train/05_035_0114.jpg",
        "SHTech/train/01_041_0767.jpg",
        "SHTech/train/01_074_0324.jpg",
        "SHTech/train/11_003_0147.jpg",
        "SHTech/train/05_041_0517.jpg",
        "SHTech/train/08_031_0072.jpg",
        "SHTech/train/10_006_0699.jpg",
        "SHTech/train/05_015_0855.jpg",
        "SHTech/train/07_002_0003.jpg",
        "SHTech/train/01_047_1030.jpg",
        "SHTech/train/07_004_0015.jpg",
        "SHTech/train/06_018_0651.jpg",
        "SHTech/train/06_028_0187.jpg",
        "SHTech/train/08_038_0722.jpg",
        "SHTech/train/01_063_0742.jpg",
        "SHTech/train/08_021_0311.jpg",
        "SHTech/train/01_069_1004.jpg",
        "SHTech/train/08_019_0644.jpg"
    ],
    "anomaly_frame_paths": [
        "SHTech/test/06_0145/140.jpg",
        "SHTech/test/02_0164/250.jpg",
        "SHTech/test/10_0037/388.jpg",
        "SHTech/test/04_0001/090.jpg",
        "SHTech/test/04_0013/110.jpg",
        "SHTech/test/12_0142/216.jpg",
        "SHTech/test/07_0049/312.jpg",
        "SHTech/test/01_0138/215.jpg",
        "SHTech/test/01_0163/115.jpg",
        "SHTech/test/01_0029/201.jpg",
        "SHTech/test/12_0175/184.jpg",
        "SHTech/test/10_0042/152.jpg",
        "SHTech/test/01_0129/089.jpg",
        "SHTech/test/06_0144/201.jpg",
        "SHTech/test/01_0055/181.jpg",
        "SHTech/test/01_0016/274.jpg",
        "SHTech/test/05_0019/322.jpg",
        "SHTech/test/08_0077/119.jpg",
        "SHTech/test/06_0155/162.jpg",
        "SHTech/test/01_0138/231.jpg"
    ],
    "keywords": {
        "road": 0.0,
        "walking": 0.23822418601042547,
        "sidewalk": 0.2575833345289117,
        "jacket": 0.27968895719754133,
        "pathway": 0.3070199031326872,
        "building": 0.3100340023166014,
        "day": 0.3419486580747987,
        "doors": 0.3419486580747987,
        "grass": 0.3419486580747987,
        "background": 0.34751788351744856,
        "suggests": 0.34792935546282366,
        "metal": 0.35424524765386073,
        "atmosphere": 0.36646556009055975,
        "shows": 0.36646556009055975,
        "yellow": 0.36646556009055975,
        "hand": 0.3759393983771153,
        "phone": 0.37687741301691025,
        "shoes": 0.37687741301691025,
        "pedestrian": 0.37687741301691025,
        "covered": 0.37687741301691025,
        "entrance": 0.37687741301691025,
        "crossing": 0.37687741301691025,
        "railing": 0.37687741301691025,
        "sunny": 0.37687741301691025,
        "camera": 0.3818438186227773,
        "grassy": 0.3818438186227773,
        "depicts": 0.3850017647182958,
        "away": 0.38815971081381434,
        "white": 0.39090618496395774,
        "appears": 0.39131765690933284,
        "bag": 0.40079149519588847,
        "park": 0.40079149519588847,
        "possibly": 0.40079149519588847,
        "signs": 0.403949441291407,
        "square": 0.41180616795902175,
        "positioned": 0.41180616795902175,
        "cover": 0.41180616795902175,
        "long": 0.41180616795902175,
        "flat": 0.41180616795902175,
        "holding": 0.41180616795902175,
        "flanked": 0.41180616795902175,
        "embedded": 0.41180616795902175,
        "brown": 0.41180616795902175,
        "going": 0.41180616795902175,
        "barrier": 0.41180616795902175,
        "bridge": 0.41180616795902175,
        "glass": 0.41301180763258744,
        "overall": 0.41301180763258744,
        "pants": 0.42523212006928646,
        "facade": 0.4256435920146615,
        "area": 0.4279785942194299,
        "shoulder": 0.4288015381101801,
        "environment": 0.4288015381101801,
        "concrete": 0.4288015381101801,
        "hair": 0.4288015381101801,
        "buildings": 0.4288015381101801,
        "line": 0.4288015381101801,
        "roof": 0.4288015381101801,
        "right": 0.434294486410467,
        "foreground": 0.44417979664239765,
        "bushes": 0.44417979664239765,
        "stone": 0.44417979664239765,
        "visible": 0.44692627079254105,
        "low": 0.45049568883343466,
        "body": 0.45049568883343466,
        "water": 0.45049568883343466,
        "wide": 0.45049568883343466,
        "wall": 0.45049568883343466,
        "circular": 0.45365363492895316,
        "sun": 0.45365363492895316,
        "shirts": 0.45365363492895316,
        "runs": 0.45365363492895316,
        "posters": 0.45365363492895316,
        "clothing": 0.45365363492895316,
        "activities": 0.45365363492895316,
        "ground": 0.45365363492895316,
        "lined": 0.45365363492895316,
        "indicating": 0.45365363492895316,
        "urban": 0.45640010907909667,
        "red": 0.46271600127013374,
        "gray": 0.46271600127013374,
        "dressed": 0.46271600127013374,
        "setting": 0.46271600127013374,
        "benches": 0.46587394736565224,
        "daytime": 0.4690318934611707,
        "windows": 0.4690318934611707,
        "carrying": 0.4690318934611707,
        "structure": 0.47218983955668925,
        "near": 0.47218983955668925,
        "jeans": 0.47218983955668925,
        "likely": 0.47534778565220775,
        "fence": 0.47534778565220775,
        "individual": 0.47534778565220775,
        "trees": 0.47768278785697615,
        "typical": 0.4785057317477263,
        "small": 0.4785057317477263,
        "frontage": 0.4785057317477263,
        "following": 0.4785057317477263,
        "frame": 0.4785057317477263,
        "floor": 0.4785057317477263,
        "objects": 0.4785057317477263,
        "like": 0.4785057317477263,
        "exterior": 0.4785057317477263,
        "including": 0.4785057317477263,
        "posted": 0.4785057317477263,
        "placed": 0.4785057317477263,
        "running": 0.4785057317477263,
        "slung": 0.4785057317477263,
        "shining": 0.4785057317477263,
        "crosswalk": 0.4785057317477263,
        "discernible": 0.4785057317477263,
        "bench": 0.4785057317477263,
        "wooden": 0.4785057317477263,
        "large": 0.48125220589786977,
        "woman": 0.48125220589786977,
        "backpack": 0.49072604418442534,
        "dark": 0.4934725183345688,
        "public": 0.49388399027994384,
        "tree": 0.49704193637546235,
        "corner": 0.49704193637546235,
        "manhole": 0.49704193637546235,
        "modern": 0.49704193637546235,
        "bags": 0.5001998824709809,
        "appear": 0.5001998824709809,
        "courtyard": 0.5001998824709809,
        "distance": 0.5001998824709809,
        "captures": 0.5001998824709809,
        "middle": 0.5001998824709809,
        "pipe": 0.5001998824709809,
        "sitting": 0.5001998824709809,
        "situated": 0.5001998824709809,
        "attached": 0.5001998824709809,
        "center": 0.5092622488121614,
        "street": 0.5155781410031984,
        "set": 0.518736087098717,
        "path": 0.518736087098717,
        "featuring": 0.518736087098717,
        "walkway": 0.5210710893034853,
        "wearing": 0.5210710893034853,
        "open": 0.5218940331942354,
        "backpacks": 0.5218940331942354,
        "covers": 0.5218940331942354,
        "left": 0.5242290353990039,
        "features": 0.5277984534398975,
        "paved": 0.5364493478357029,
        "trash": 0.5372722917264531,
        "bricks": 0.5404302378219715,
        "border": 0.5426444216263925,
        "clear": 0.5426444216263925,
        "ar": 0.5426444216263925,
        "consisting": 0.5426444216263925,
        "doorway": 0.5426444216263925,
        "conditions": 0.5426444216263925,
        "different": 0.5426444216263925,
        "directions": 0.5426444216263925,
        "grey": 0.5426444216263925,
        "focus": 0.5426444216263925,
        "facing": 0.5426444216263925,
        "greenery": 0.5426444216263925,
        "landscape": 0.5426444216263925,
        "young": 0.5426444216263925,
        "weather": 0.5426444216263925,
        "trick": 0.5426444216263925,