{
    "normal_frame_paths": [
        "ped2/train/01/056.jpg",
        "ped2/train/02/074.jpg",
        "ped2/train/14/125.jpg",
        "ped2/train/02/113.jpg",
        "ped2/train/12/162.jpg",
        "ped2/train/09/011.jpg",
        "ped2/train/12/154.jpg",
        "ped2/train/06/009.jpg",
        "ped2/train/12/006.jpg",
        "ped2/train/02/053.jpg",
        "ped2/train/11/092.jpg",
        "ped2/train/08/018.jpg",
        "ped2/train/10/041.jpg",
        "ped2/train/04/088.jpg",
        "ped2/train/03/028.jpg",
        "ped2/train/11/059.jpg",
        "ped2/train/15/073.jpg",
        "ped2/train/09/078.jpg",
        "ped2/train/05/167.jpg",
        "ped2/train/13/017.jpg"
    ],
    "anomaly_frame_paths": [
        "ped2/test/06/051.jpg",
        "ped2/test/10/093.jpg",
        "ped2/test/05/074.jpg",
        "ped2/test/12/168.jpg",
        "ped2/test/03/125.jpg",
        "ped2/test/07/158.jpg",
        "ped2/test/02/147.jpg",
        "ped2/test/07/084.jpg",
        "ped2/test/04/171.jpg",
        "ped2/test/04/052.jpg",
        "ped2/test/08/128.jpg",
        "ped2/test/12/125.jpg",
        "ped2/test/06/084.jpg",
        "ped2/test/12/148.jpg",
        "ped2/test/06/006.jpg",
        "ped2/test/04/157.jpg",
        "ped2/test/12/149.jpg",
        "ped2/test/05/030.jpg",
        "ped2/test/04/100.jpg",
        "ped2/test/06/110.jpg"
    ],
    "keywords": {
        "dark": 0.0,
        "situated": 0.07104024201272208,
        "standing": 0.07104024201272208,
        "light": 0.07104024201272208,
        "near": 0.14208048402544413,
        "present": 0.14208048402544413,
        "patches": 0.14208048402544413,
        "25": 0.21312072603816617,
        "primarily": 0.21312072603816617,
        "line": 0.21312072603816617,
        "children": 0.21312072603816617,
        "adults": 0.21312072603816617,
        "grey": 0.21312072603816617,
        "game": 0.21312072603816617,
        "divided": 0.21312072603816617,
        "patch": 0.21312072603816617,
        "tag": 0.21312072603816617,
        "student": 0.21312072603816617,
        "pole": 0.21312072603816617,
        "work": 0.21312072603816617,
        "evidenced": 0.2841609680508882,
        "everyday": 0.2841609680508882,
        "fleeing": 0.2841609680508882,
        "casting": 0.2841609680508882,
        "clusters": 0.2841609680508882,
        "composed": 0.2841609680508882,
        "consisting": 0.2841609680508882,
        "comprised": 0.2841609680508882,
        "destination": 0.2841609680508882,
        "chase": 0.2841609680508882,
        "backdrop": 0.2841609680508882,
        "based": 0.2841609680508882,
        "indistinct": 0.2841609680508882,
        "lamps": 0.2841609680508882,
        "lit": 0.2841609680508882,
        "focus": 0.2841609680508882,
        "given": 0.2841609680508882,
        "footage": 0.2841609680508882,
        "hurry": 0.2841609680508882,
        "ground": 0.2841609680508882,
        "fact": 0.2841609680508882,
        "distinct": 0.2841609680508882,
        "facility": 0.2841609680508882,
        "excitement": 0.2841609680508882,
        "involved": 0.2841609680508882,
        "lamppost": 0.2841609680508882,
        "lively": 0.2841609680508882,
        "lines": 0.2841609680508882,
        "imag": 0.2841609680508882,
        "includes": 0.2841609680508882,
        "gathered": 0.40125826648763807,
        "facing": 0.40125826648763807,
        "bicycles": 0.40125826648763807,
        "away": 0.40125826648763807,
        "environment": 0.40125826648763807,
        "edge": 0.40125826648763807,
        "city": 0.40125826648763807,
        "colleagues": 0.40125826648763807,
        "coordinated": 0.40125826648763807,
        "cycling": 0.40125826648763807,
        "element": 0.40125826648763807,
        "enjoying": 0.40125826648763807,
        "cart": 0.40125826648763807,
        "child": 0.40125826648763807,
        "conversations": 0.40125826648763807,
        "company": 0.40125826648763807,
        "coloration": 0.40125826648763807,
        "congregated": 0.40125826648763807,
        "jogging": 0.40125826648763807,
        "intervals": 0.40125826648763807,
        "jeans": 0.40125826648763807,
        "include": 0.40125826648763807,
        "friend": 0.40125826648763807,
        "indicated": 0.40125826648763807,
        "hub": 0.40125826648763807,
        "central": 0.44731532291166587,
        "capturing": 0.44731532291166587,
        "captures": 0.44731532291166587,
        "commuters": 0.44731532291166587,
        "hoodies": 0.44731532291166587,
        "utility": 0.44731532291166587,
        "range": 0.44731532291166587,
        "parked": 0.44731532291166587,
        "rides": 0.44731532291166587,
        "surveillance": 0.44731532291166587,
        "skateboarding": 0.44731532291166587,
        "lighting": 0.44731532291166587,
        "multiple": 0.44731532291166587,
        "recreational": 0.44731532291166587,
        "middle": 0.44731532291166587,
        "different": 0.49337237933569367,
        "square": 0.49337237933569367,
        "bike": 0.49337237933569367,
        "cyclist": 0.49337237933569367,
        "distance": 0.49337237933569367,
        "diverse": 0.49337237933569367,
        "vehicle": 0.49337237933569367,
        "bustling": 0.5854864921837494,
        "riding": 0.723657661455833,
        "bicycle": 1.0
    }
}